{"cameraMode":{"drawMode":0,"name":"Shaded","section":"Shading Mode"},"sceneLighting":false,"audioPlay":false,"sceneViewState":{"showFog":true,"showMaterialUpdate":false,"showSkybox":false,"showFlares":true,"showImageEffects":true,"showParticleSystems":true},"in2DMode":false,"pivot":{"x":10.720000267028809,"y":0.4234282374382019,"z":-0.30457979440689089},"rotation":{"x":-0.16402122378349305,"y":0.21568848192691804,"z":-0.036780621856451038,"w":-0.9618977308273315},"size":3.104844808578491,"orthographic":false}