{"cameraMode":{"drawMode":0,"name":"Shaded","section":"Shading Mode"},"sceneLighting":false,"audioPlay":false,"sceneViewState":{"showFog":true,"showMaterialUpdate":false,"showSkybox":false,"showFlares":true,"showImageEffects":true,"showParticleSystems":true},"in2DMode":false,"pivot":{"x":9.04824447631836,"y":-13.784768104553223,"z":-54.63774871826172},"rotation":{"x":-0.18045999109745027,"y":0.34658169746398928,"z":-0.06813312321901322,"w":-0.9179759621620178},"size":66.22041320800781,"orthographic":false}