{"cameraMode":{"drawMode":0,"name":"Shaded","section":"Shading Mode"},"sceneLighting":true,"audioPlay":false,"sceneViewState":{"showFog":true,"showMaterialUpdate":false,"showSkybox":true,"showFlares":true,"showImageEffects":true,"showParticleSystems":true},"in2DMode":false,"pivot":{"x":-16.72191047668457,"y":-9.523475646972657,"z":17.368162155151368},"rotation":{"x":0.248514786362648,"y":-0.6998426914215088,"z":0.28743991255760195,"w":0.604877233505249},"size":93.88072967529297,"orthographic":false}